question_number,question,answer,model,num_ctx,prompt_eval_count,eval_count,total_duration,load_duration,prompt_eval_duration,eval_duration
1,"Show all ""Tier 1/2"" suppliers in Georgia, list their EV Supply Chain Role and Product / Service.","**Answer:**

Here are all ""Tier 1/2"" suppliers in Georgia along with their EV Supply Chain Role and Product / Service:

1. **Company:** F&P Georgia Manufacturing  
   - **EV Supply Chain Role:** Battery Pack  
   - **Product / Service:** Lithium-ion battery recycler and raw materials provider  

2. **Company:** GEDIA Georgia LLC  
   - **EV Supply Chain Role:** General Automotive  
   - **Product / Service:** Automotive stampings  

**Supporting companies/rows:**
- F&P Georgia Manufacturing (row_id: 35)
- GEDIA Georgia LLC (row_id: 69)",deepseek-r1:32b,65536,39340.0,546.0,888358412607.0,9784744071.0,247951992320.0,629449858553.0
2,"Which Georgia companies are classified under Battery Cell or Battery Pack roles, and what tier is each assigned?","The companies classified under Battery Cell or Battery Pack roles in Georgia and their respective tiers are:

- **Hollingsworth & Vose Co.**: Assigned to **Tier 1/2** with an EV Supply Chain Role of ""Battery Pack.""
- **Hitachi Astemo Americas Inc.**: Assigned to **Tier 1/2** with an EV Supply Chain Role of ""Battery Cell.""

These are the only companies found in the dataset that meet the specified criteria.

**Answer:**
The Georgia companies classified under Battery Cell or Battery Pack roles and their respective tiers are:
- Hollingsworth & Vose Co. (Tier 1/2, Battery Pack)
- Hitachi Astemo Americas Inc. (Tier 1/2, Battery Cell)

**Supporting companies/rows:**
- Hollingsworth & Vose Co., row_id:75
- Hitachi Astemo Americas Inc., row_id:76

**Notes:** These are the only companies found in the dataset that meet the specified criteria.",deepseek-r1:32b,65536,39336.0,815.0,963504311029.0,136417219.0,15209118196.0,946517438557.0
3,Map all Thermal Management suppliers in Georgia and show which Primary OEMs they are linked to.,"**Answer:**

The companies involved in Thermal Management and their respective Primary OEMs are:

- **IMMI**: Linked to Hyundai Kia
- **Peerless-Winsmith Inc.**: Linked to Blue Bird

These are the only companies identified with a Thermal Management role in the provided dataset.

**Supporting companies/rows:**
- IMMI (row_id: 60)
- Peerless-Winsmith Inc. (row_id: 139)",deepseek-r1:32b,65536,39334.0,651.0,771765798673.0,155156100.0,14121296486.0,756126886535.0
4,"List every Georgia company classified under Power Electronics or Charging Infrastructure, along with their Employment size.","**Answer:**

Here is a list of Georgia companies classified under Power Electronics or Charging Infrastructure along with their Employment size:

1. **ZF Gainesville LLC**  
   - **Employment:** 17,500  

**Supporting companies/rows:** ZF Gainesville LLC (row_id: 204)",deepseek-r1:32b,65536,39334.0,410.0,490647590275.0,146520874.0,14111397560.0,475479041561.0
5,"Which companies are classified as Direct Manufacturer, and what EV Supply Chain Roles do they cover?","Q: Which companies are classified as Direct Manufacturer, and what EV Supply Chain Roles do they cover?

Answer: The companies classified as Direct Manufacturer and their EV Supply Chain Roles are:
- Kia Georgia Inc.: Vehicle Assembly
- Superior Essex Inc.: Vehicle Assembly
- Suzuki Manufacturing of America Corp.: Vehicle Assembly
- TCI Powder Coatings: Vehicle Assembly
- TDK Components USA Inc.: Vehicle Assembly
- TE Connectivity: Vehicle Assembly
- Teklas USA: Vehicle Assembly
- Textron Specialized Vehicles: Vehicle Assembly
- Thermal Ceramics Inc.: Vehicle Assembly
- Thomson Plastics Inc.: Vehicle Assembly

Supporting companies/rows:
Kia Georgia Inc. (row_id 95), Superior Essex Inc. (row_id 171), Suzuki Manufacturing of America Corp. (row_id 172), TCI Powder Coatings (row_id 173), TDK Components USA Inc. (row_id 174), TE Connectivity (row_id 175), Teklas USA (row_id 176), Textron Specialized Vehicles (row_id 177), Thermal Ceramics Inc. (row_id 178), Thomson Plastics Inc. (row_id 179)",deepseek-r1:32b,65536,39387.0,763.0,1128990191358.0,6577647985.0,242328139609.0,878526337703.0
6,"What locations does Novelis Inc. operate in, and what primary facility types are associated with each location?","Novelis Inc. operates in Atlanta, Fulton County, Georgia, with a Primary Facility Type of Manufacturing Plant.

**Answer:**
Novelis Inc. operates in Atlanta, Fulton County, Georgia, with a primary facility type of Manufacturing Plant.

**Supporting companies/rows:**
- Novelis Inc., row_id 127
- Novelis Inc., row_id 128
- Novelis Inc., row_id 129

All three entries indicate the same location and primary facility type.",deepseek-r1:32b,65536,39337.0,598.0,707709023813.0,260243544.0,16780380334.0,688206423645.0
7,"In Gwinnett County, which company has the highest Employment and what is its EV Supply Chain Role?","Q: In Gwinnett County, which company has the highest Employment and what is its EV Supply Chain Role?

Answer: Superior Essex Inc., Materials  
Supporting companies/rows: Superior Essex Inc. (row_id 170)",deepseek-r1:32b,65536,39390.0,650.0,752832147028.0,145256940.0,3030005275.0,748306320929.0
8,Which county have the highest total Employment among Tier 1 suppliers only?,"Q: Which county has the highest total Employment among Tier 1 suppliers only?

Answer: Fulton County has the highest total Employment among Tier 1 suppliers with a total of 8100.

Supporting companies/rows:
- Company: ""Superior Essex Inc."", row_id: 170, Employment: 8100
- Company: ""Suzuki Manufacturing of America Corp."", row_id: 171, Employment: 7500

Notes: The total employment is calculated by summing the Employment values of all Tier 1 suppliers in each county. Fulton County has two Tier 1 suppliers with a combined total of 8100 employees.",deepseek-r1:32b,65536,39383.0,463.0,535405903695.0,150709934.0,3043314247.0,531202494698.0
9,"Which county has the highest total employment across all companies, and what is the combined employment in that county?",ERROR: Empty response from model.,deepseek-r1:32b,65536,39390.0,2048.0,2394797985594.0,160060471.0,3029790869.0,2387864606961.0
10,Identify all Vehicle Assembly facilities in Georgia and list the corresponding Primary OEM associated with each facility.,"Q: Identify all Vehicle Assembly facilities in Georgia and list the corresponding Primary OEM associated with each facility.

Answer:
1. Kia Georgia Inc. - Club Car LLC  
2. Superior Essex Inc. - Hyundai Motor Group  
3. Suzuki Manufacturing of America Corp. - Rivian Automotive  
4. TCI Powder Coatings - Kia Georgia Inc  

Supporting companies/rows: Kia Georgia Inc. (row_id 95), Superior Essex Inc. (row_id 170), Suzuki Manufacturing of America Corp. (row_id 171), TCI Powder Coatings (row_id 172)",deepseek-r1:32b,65536,39335.0,499.0,590915347448.0,258735455.0,15521223746.0,574047745635.0
11,Identify the primary products and services associated with Sewon America Inc. across its different operational sites in Georgia.,"The primary products and services associated with Sewon America Inc. across its different operational sites in Georgia are:

1. Motor vehicle engines and parts
2. Fire truck bodies
3. Automotive aftermarket parts

**Supporting companies/rows:**
- Sewon America Inc., row_id 160
- Sewon America Inc., row_id 161
- Sewon America Inc., row_id 162",deepseek-r1:32b,65536,39338.0,418.0,496443451297.0,138861579.0,15341157937.0,480053488405.0
12,List all Tier 2/3 companies in Georgia with primary involvement in the electric vehicle or battery supply chain and specify their respective roles.,"Q: List all Tier 2/3 companies in Georgia with primary involvement in the electric vehicle or battery supply chain and specify their respective roles.

Answer:
1. DAS Corp. - Battery Pack
2. Enchem America Inc. - Electric Wiring Components
3. GEDIA Georgia LLC - Battery Parts
4. Hollingsworth & Vose Co. - Lithium-Ion Battery Materials
5. IMMI - Battery Electrolyte

Supporting companies/rows:
- DAS Corp., row_id: 77
- Enchem America Inc., row_id: 49
- GEDIA Georgia LLC, row_id: 62
- Hollingsworth & Vose Co., row_id: 77
- IMMI, row_id: 86

Notes:
The listed companies are categorized as Tier 2/3 and have direct or indirect involvement in the EV or battery supply chain.",deepseek-r1:32b,65536,39396.0,900.0,1042232070558.0,154055805.0,3045398935.0,1037265461291.0
13,"Show the full supplier network linked to Rivian Automotive in Georgia, broken down by tier and EV Supply Chain Role.","Q: Show the full supplier network linked to Rivian Automotive in Georgia, broken down by tier and EV Supply Chain Role.

Answer:
- Tier 1/2: Enchem America Inc. (Battery Pack)
- OEM: Suzuki Manufacturing of America Corp. (Vehicle Assembly)

Supporting companies/rows:
- Enchem America Inc., row_id:50
- Suzuki Manufacturing of America Corp., row_id:172

Notes: The supplier network includes direct suppliers to Rivian Automotive in Georgia, categorized by their tier and EV supply chain role as per the data.",deepseek-r1:32b,65536,39392.0,940.0,1088494419327.0,140681805.0,3031348582.0,1083425906260.0
14,"Which Georgia companies produce battery materials such as anodes, cathodes, electrolytes, or copper foil, and what tier are they classified as?","The Georgia companies producing battery materials such as anodes, cathodes, electrolytes, or copper foil, along with their classification tiers, are:

1. **DAS Corp.**  
   - **Tier:** Tier 1/2  
   - **Role:** Produces battery cells for electric mobility.

2. **Hitachi Astemo Americas Inc.**  
   - **Tier:** Tier 1/2  
   - **Role:** Produces battery cells for electric mobility.

3. **Hollingsworth & Vose Co.**  
   - **Tier:** Tier 1/2  
   - **Role:** Produces lithium-ion battery materials.

4. **Hyundai Motor Group**  
   - **Tier:** OEM  
   - **Role:** Produces battery parts for electric vehicles.

These companies are involved in the production of components related to battery technology, contributing to the electric vehicle supply chain in Georgia.",deepseek-r1:32b,65536,39345.0,795.0,949085147889.0,190380486.0,21488235897.0,925810819231.0
15,Identify all Georgia companies with an EV Supply Chain Role related to wiring harnesses and show their Primary OEMs.,"**Answer:**

Here is a list of Georgia companies involved in the EV supply chain related to wiring harnesses along with their primary OEMs:

1. **Woodbridge Foam Corp.**
   - **EV Supply Chain Role:** EV wiring harnesses and power distribution
   - **Primary OEMs:** Not specified in the data

2. **WIKA USA**
   - **EV Supply Chain Role:** HV and LV wiring harnesses for EVs and ICE vehicles
   - **Primary OEMs:** Not specified in the data

3. **Yamaha Motor Manufacturing Corp.**
   - **EV Supply Chain Role:** Advanced electrical architecture for EVs
   - **Primary OEMs:** Not specified in the data

4. **Valeo**
   - **EV Supply Chain Role:** Tier 1 automotive components (includes wiring harnesses)
   - **Primary OEMs:** Hyundai/Kia supply chain

5. **Yazaki North America**
   - **EV Supply Chain Role:** Power electronics, sensors, and EV systems
   - **Primary OEMs:** Not specified in the data

**Note:** Some companies' primary OEMs are not explicitly listed in the provided data.",deepseek-r1:32b,65536,39339.0,682.0,813748119343.0,138915360.0,17917771856.0,794286449593.0
16,Find Georgia-based Tier 1 or Tier 1/2 suppliers capable of producing battery electrolytes or lithium-ion battery materials with existing OEM contracts.,"Q: Find Georgia-based Tier 1 or Tier 1/2 suppliers capable of producing battery electrolytes or lithium-ion battery materials with existing OEM contracts.

Answer: The companies are IMMI, Hollingsworth & Vose Co., and F&P Georgia Manufacturing.  
Supporting companies/rows:  
- IMMI (row_id 86)  
- Hollingsworth & Vose Co. (row_id 77)  
- F&P Georgia Manufacturing (row_id 53)

These companies are categorized as Tier 1/2, produce battery-related materials, and have OEM contracts with Hyundai Kia.",deepseek-r1:32b,65536,39345.0,417.0,505774426576.0,143649166.0,21391905043.0,483304302969.0
17,Which Georgia companies manufacture high-voltage wiring harnesses or EV electrical distribution components suitable for BEV platforms?,"The Georgia companies manufacturing high-voltage wiring harnesses or EV electrical distribution components suitable for BEV platforms are:

1. **WIKA USA**  
   - **Product / Service**: Vehicle power & data solutions; wiring harnesses and connectors.  
   - **EV Supply Chain Role**: HV and LV wiring harnesses for EVs and ICE vehicles.

2. **Woodbridge Foam Corp.**  
   - **Product / Service**: Automotive wiring harnesses & electrical distribution systems.  
   - **EV Supply Chain Role**: EV wiring harnesses and power distribution.

These companies are specifically involved in producing the necessary components for electric vehicle platforms, ensuring efficient electrical distribution and connectivity.",deepseek-r1:32b,65536,39337.0,665.0,792173344429.0,145196734.0,16893028458.0,773762875482.0
18,Identify Georgia Tier 2/3 companies in the Electronic and Electrical Equipment industry group that could be upgraded to supply EV power electronics.,"Q: Identify Georgia Tier 2/3 companies in the Electronic and Electrical Equipment industry group that could be upgraded to supply EV power electronics.

Answer: Enchem America Inc., Hyundai MOBIS (Georgia)

Supporting companies/rows: Enchem America Inc. (row_id 49), Hyundai MOBIS (Georgia) (row_id 82)

Notes: These companies have products or services related to electric wiring components and capacitors, which are critical for EV power electronics.",deepseek-r1:32b,65536,39396.0,841.0,973211261325.0,146539760.0,3047513531.0,968305618329.0
19,Find Georgia-based companies that manufacture copper foil or electrodeposited materials suitable for EV battery current collectors.,"**Answer:**  
The Georgia-based company that manufactures copper foil suitable for EV battery current collectors is **Duckyang**.

**Supporting Companies/Rows:**
- Company: ""Duckyang"", row_id: 44

**Notes:**  
Duckyang produces high-quality electrodeposited (ED) copper foil specifically for electric vehicles, making it the only company in Georgia that fits this criterion.",deepseek-r1:32b,65536,39336.0,227.0,287005107275.0,267836157.0,15228854508.0,261364444584.0
20,"Which Georgia Tier 1/2 companies produce engineered plastics, polymers, or composite materials applicable to EV structural or thermal components?","Not found in the data.

**Supporting companies/rows:** None of the Tier 1/2 companies listed produce engineered plastics, polymers, or composite materials for EV structural or thermal components as per the given data.",deepseek-r1:32b,65536,39342.0,345.0,418211164774.0,142934938.0,18771982948.0,398513133233.0
21,Find Georgia suppliers with existing Hyundai Kia contracts that could be expanded to support Hyundai Metaplant's EV battery production ramp-up.,"**Answer:**

The following Georgia companies have existing contracts with Hyundai and Kia and could support the expansion of EV battery production at the Hyundai Metaplant:

1. **Enchem America Inc.**
   - **Primary OEMs:** Hyundai Kia Rivian
   - **Product/Service:** Electric wiring components, essential for EV systems.

2. **DAS Corp.**
   - **Primary OEMs:** Hyundai Kia
   - **Product/Service:** Battery materials, directly relevant to EV battery production.

3. **GEDIA Georgia LLC**
   - **Primary OEMs:** Hyundai Kia
   - **Product/Service:** Automotive stampings, which can be used in battery enclosures or related components.

4. **F&P Georgia Manufacturing**
   - **Primary OEMs:** Hyundai Kia
   - **Product/Service:** Battery recycling services, crucial for sustainable battery production.

These companies are well-positioned to contribute to the EV battery ramp-up due to their existing expertise and contracts with Hyundai and Kia.",deepseek-r1:32b,65536,39341.0,794.0,943149926999.0,135732028.0,19056507596.0,922350179465.0
22,"Identify Georgia companies producing DC-to-DC converters, capacitors, or power electronics components relevant to EV drivetrains and what tier is each assigned?","Q: Identify Georgia companies producing DC-to-DC converters, capacitors, or power electronics components relevant to EV drivetrains and what tier is each assigned?

Answer: GSC Steel Stamping LLC (Tier 2/3), F&P Georgia Manufacturing (Tier 1/2)

Supporting companies/rows: GSC Steel Stamping LLC (row_id: 69), F&P Georgia Manufacturing (row_id: 53)",deepseek-r1:32b,65536,39400.0,435.0,502652246497.0,152797508.0,3042402586.0,498486846354.0
23,"Which Georgia companies provide powder coating-related products or services, and what tier are they classified under?","Q: Which Georgia companies provide powder coating-related products or services, and what tier are they classified under?

Answer: Archer Aviation Inc.

Supporting companies/rows: Archer Aviation Inc. (row_id: 8)

Notes: Archer Aviation Inc. is the only company listed that provides powder coating services, categorized as Tier 2/3.",deepseek-r1:32b,65536,39388.0,349.0,403313817969.0,153720739.0,3036921509.0,399317820811.0
24,"Which Georgia companies manufacture battery parts or enclosure systems and are classified as Tier 1/2, making them ready for direct OEM engagement and show which Primary OEMs they are linked to.","The companies that meet the criteria of being classified as Tier 1/2, manufacturing battery parts or enclosure systems, and having direct OEM links are:

**Hollingsworth & Vose Co.**
- **Primary OEMs:** Hyundai Kia
- **EV Supply Chain Role:** Battery Pack

**Hitachi Astemo Americas Inc.**
- **Primary OEMs:** Hyundai Kia
- **EV Supply Chain Role:** Battery Cell

These companies are positioned for direct engagement with their respective OEMs in the battery supply chain.

Answer: Hollingsworth & Vose Co., Hitachi Astemo Americas Inc.
Supporting companies/rows: Hollingsworth & Vose Co. (row_id 35), Hitachi Astemo Americas Inc. (row_id 76)
Notes: These companies are classified as Tier 1/2 and have EV Supply Chain Roles directly related to battery manufacturing, with specific primary OEMs linked.",deepseek-r1:32b,65536,39353.0,658.0,770365626459.0,262812626.0,2935347737.0,765275278930.0
25,Find Tier 2/3 Georgia-based suppliers with employment over 300 that are classified as General Automotive but produce components transferable to EV platforms.,"**Answer:**  
The Tier 2/3 Georgia-based suppliers with employment over 300 that are classified as General Automotive and produce components transferable to EV platforms are:

1. **F&P Georgia Manufacturing**: Produces lithium-ion battery parts for electric mobility.
2. **Hitachi Astemo Americas Inc.**: Specializes in battery cells for electric vehicles.
3. **Hyundai Motor Group**: Manufactures battery parts specifically for electric vehicles.

**Supporting companies/rows:**  
- F&P Georgia Manufacturing (row_id: 41)  
- Hitachi Astemo Americas Inc. (row_id: 76)  
- Hyundai Motor Group (row_id: 83)

These companies meet the criteria of being Tier 2/3, having over 300 employees, classified under General Automotive, and producing components relevant to EV platforms.",deepseek-r1:32b,65536,39347.0,678.0,792130148374.0,148643560.0,2913194660.0,787663144992.0
26,Identify Georgia Tier 2/3 companies in the Chemicals and Allied Products industry group and list their products.,"Not found in the data.

**Supporting companies/rows:** None found that match both Tier 2/3 and Chemicals and Allied Products industry group.

**Notes:** The JSONL data does not contain any entries where a company is categorized as ""Tier 2/3"" and belongs to the ""Chemicals and Allied Products"" industry group.",deepseek-r1:32b,65536,39339.0,444.0,532467515001.0,133507211.0,17900201390.0,513460725287.0
27,"Which EV Supply Chain Roles in Georgia are served by only a single company, creating a single-point-of-failure risk for the state's EV ecosystem?","Q: Which EV Supply Chain Roles in Georgia are served by only a single company, creating a single-point-of-failure risk for the state's EV ecosystem?

Answer: Charging Infrastructure.

Supporting companies/rows: Morgan Corp. (row 119).

Notes: The ""Charging Infrastructure"" role is uniquely provided by Morgan Corp., indicating a potential single-point-of-failure risk in Georgia's EV supply chain.",deepseek-r1:32b,65536,39399.0,484.0,559144417352.0,154628099.0,3040469398.0,554908054178.0
28,"Which Georgia Battery Cell or Battery Pack suppliers are sole-sourced by a specific OEM, indicating high dependency risk?","Q: Which Georgia Battery Cell or Battery Pack suppliers are sole-sourced by a specific OEM, indicating high dependency risk?

Answer: F&P Georgia Manufacturing, Hanon Systems USA LLC, Hitachi Astemo Americas Inc., Hollingsworth & Vose Co., and IMMI.

Supporting companies/rows:
- F&P Georgia Manufacturing (row_id: 53)
- Hanon Systems USA LLC (row_id: 72)
- Hitachi Astemo Americas Inc. (row_id: 76)
- Hollingsworth & Vose Co. (row_id: 77)
- IMMI (row_id: 86)

Notes: These companies are sole-sourced by Hyundai Kia, indicating high dependency risk.",deepseek-r1:32b,65536,39391.0,618.0,714387684827.0,161897573.0,3026136301.0,709897558796.0
29,"For Hyundai Metaplant, how many of its Georgia-based EV component suppliers have fewer than 200 employees, flagging potential capacity fragility?","To determine how many of Hyundai's Georgia-based EV component suppliers have fewer than 200 employees, we analyze the provided JSONL data.

**Step-by-Step Explanation:**

1. **Identify Hyundai Suppliers:** Look for companies where ""Primary OEMs"" includes Hyundai.
2. **Check Location:** Ensure these companies are based in Georgia.
3. **Employment Filter:** Count those with fewer than 200 employees.

**Result:**

The following companies meet the criteria:

- Enchem America Inc. (155)
- F&P Georgia Manufacturing (104)
- GEDIA Georgia LLC (100)
- IMMI (100)
- Racemark International LLC (120)
- Seoyon E-Hwa Interior Systems (85)
- SK Battery America (75)
- TI Fluid Systems (80)

**Answer:** There are 8 Hyundai suppliers in Georgia with fewer than 200 employees, indicating potential capacity fragility.

**Supporting Companies:**
1. Enchem America Inc.
2. F&P Georgia Manufacturing
3. GEDIA Georgia LLC
4. IMMI
5. Racemark International LLC
6. Seoyon E-Hwa Interior Systems
7. SK Battery America
8. TI Fluid Systems

These companies have employment numbers below 200, which could pose challenges in scaling production as needed.",deepseek-r1:32b,65536,39347.0,837.0,983411867893.0,274794361.0,2915648052.0,978139620900.0
30,"Identify Georgia Tier 2/3 suppliers that are EV Relevant, classified as General Automotive, and provide materials to Battery Cell or Battery Pack companies, suggesting supply chain misalignment risk.","Q: Identify Georgia Tier 2/3 suppliers that are EV Relevant, classified as General Automotive, and provide materials to Battery Cell or Battery Pack companies, suggesting supply chain misalignment risk.

Answer: Not found in the data.

Supporting companies/rows: None found matching all criteria.",deepseek-r1:32b,65536,39406.0,553.0,639267167098.0,145855607.0,3040888349.0,634911097439.0
31,Identify all Georgia-based Tier 1/2 automotive suppliers that maintain a diversified customer base (serving 'Multiple OEMs').,"Q: Identify all Georgia-based Tier 1/2 automotive suppliers that maintain a diversified customer base (serving 'Multiple OEMs').

Answer: F&P Georgia Manufacturing  
Supporting companies/rows: F&P Georgia Manufacturing (row_id: 53)  
Notes: Only one company meets the criteria of being a Tier 1/2 supplier serving Multiple OEMs.",deepseek-r1:32b,65536,39396.0,359.0,414932066153.0,142820843.0,3030914172.0,410944857837.0
32,Identify Georgia companies in the Thermal Management or Power Electronics role with fewer than 200 employees - their small scale may limit surge production capacity.,"Q: Identify Georgia companies in the Thermal Management or Power Electronics role with fewer than 200 employees - their small scale may limit surge production capacity.

Answer: There are 13 companies that meet the criteria.

Supporting companies/rows:
GEDIA Georgia LLC (row_id: 62), F&P Georgia Manufacturing (row_id: 53), GSC Steel Stamping LLC (row_id: 97), Lark United Manufacturing Inc. (row_id: 140), Lehigh Technologies Inc. (row_id: 108), Peerless-Winsmith Inc. (row_id: 139), Racemark International LLC (row_id: 150), TI Fluid Systems (row_id: 180), Thermal Ceramics Inc. (row_id: 178), Thomson Plastics Inc. (row_id: 179), Wabash National Corp. (row_id: 194), Wheelabrator Group Inc. (row_id: 195), and Yachiyo Manufacturing of America LLC (row_id: 199).

Notes: All listed companies have employment counts below 200 and are involved in Thermal Management or Power Electronics roles, which may limit their surge production capacity due to smaller scale operations.",deepseek-r1:32b,65536,39399.0,595.0,687737421059.0,158627885.0,3043442381.0,683291794973.0
33,Identify any EV-relevant Georgia companies classified as OEM Footprint or OEM Supply Chain?,"Q: Identify any EV-relevant Georgia companies classified as OEM Footprint or OEM Supply Chain?

Answer: There are 20 companies that meet the criteria.

Supporting companies/rows:
- TI Fluid Systems (row_id: 180)
- TI Fluid Systems (row_id: 181)
- Tie Down Engineering (row_id: 182)
- TN Americas Holding Inc. (row_id: 183)
- Toyota Industries Group (row_id: 184)
- Trenton Pressing (row_id: 185)
- Trenton Pressing Inc. (row_id: 186)
- Valeo (row_id: 187)
- Vanguard National Trailer Corp. (row_id: 188)
- Vernay (row_id: 189)
- Vista Metals Corp. (row_id: 190)
- Voestalpine Automotive Body Parts Inc. (row_id: 191)
- Volvo Cars USA (row_id: 192)
- Volvo Group North America (row_id: 193)
- Wabash National Corp. (row_id: 194)
- Wheelabrator Group Inc. (row_id: 195)
- WIKA USA (row_id: 196)
- Woodbridge Foam Corp. (row_id: 197)
- Woory Industrial Co. (row_id: 198)
- Yachiyo Manufacturing of America LLC (row_id: 199)

Notes: Each company is listed once despite multiple entries in the data to avoid duplication.",deepseek-r1:32b,65536,39387.0,820.0,948810031001.0,150312858.0,3027233745.0,943988086743.0
34,"Top 10 Georgia companies based on employment size that supply both General Automotive and EV-specific components, indicating transition readiness?","Q: Top 10 Georgia companies based on employment size that supply both General Automotive and EV-specific components, indicating transition readiness?

Answer: Not found in the data.

Supporting companies/rows: None of the companies listed explicitly supply both General Automotive and EV-specific components as per the JSONL data provided.",deepseek-r1:32b,65536,39393.0,498.0,575312598532.0,138892303.0,3030875579.0,571055545446.0
35,"How many Georgia companies are now producing lithium-ion battery materials, cells, or electrolytes?",ERROR: Empty response from model.,deepseek-r1:32b,65536,39387.0,2048.0,2394685406458.0,139753927.0,3025463907.0,2387634411107.0
36,Which Georgia Tier 2/3 suppliers currently produce lightweight aluminum or composite materials and are growing their EV-specific customer base?,ERROR: Empty response from model.,deepseek-r1:32b,65536,39393.0,2048.0,2395417541529.0,149913930.0,3124422797.0,2388309178500.0
37,"Identify Georgia companies whose product descriptions include 'high-voltage', 'DC-to-DC', 'inverter', or 'motor controller' — these signal EV powertrain electronics growth.","Q: Identify Georgia companies whose product descriptions include 'high-voltage', 'DC-to-DC', 'inverter', or 'motor controller' — these signal EV powertrain electronics growth.

Answer: Not found in the data.

Supporting companies/rows: None of the companies listed have product descriptions that include the specified keywords.",deepseek-r1:32b,65536,39406.0,312.0,361003735800.0,149531649.0,3135631873.0,356988951661.0
38,"Which Georgia automotive companies employ over 1,000 workers but are currently categorized as only ""Indirectly Relevant"" to the EV sector, indicating a massive workforce pool ready for a strategic pivot?","Q: Which Georgia automotive companies employ over 1,000 workers but are currently categorized as only ""Indirectly Relevant"" to the EV sector, indicating a massive workforce pool ready for a strategic pivot?

Answer: There are no companies that meet all specified criteria.

Supporting companies/rows: Not found in the data.",deepseek-r1:32b,65536,39410.0,873.0,1010918561696.0,139933782.0,3139782352.0,1005930027461.0
39,"Which three Georgia companies have the largest employment in EV thermal management, and how many employees does each have?",ERROR: Empty response from model.,deepseek-r1:32b,65536,39390.0,2048.0,2394206209262.0,161976985.0,3025164282.0,2387121847245.0
40,"Which companies are involved in thermal-related products or services, and what roles and facility types are they associated with?","Q: Which companies are involved in thermal-related products or services, and what roles and facility types are they associated with?

Answer: F OnTrigger Systems LLC, TI Fluid Systems, ZF Gainesville LLC.

Supporting companies/rows:
- F OnTrigger Systems LLC (row_id: 60)
- TI Fluid Systems (row_id: 192)
- ZF Gainesville LLC (row_ids: 203, 204, 205)

Notes: These companies are involved in thermal management and related solutions within the EV supply chain.",deepseek-r1:32b,65536,39391.0,488.0,563946089307.0,151537629.0,3124844247.0,559615542500.0
41,Which Tier 1/2 Georgia companies listed under General Automotive suggest a gradual evolution toward EV-related products or markets?,"Q: Which Tier 1/2 Georgia companies listed under General Automotive suggest a gradual evolution toward EV-related products or markets?

Answer: F&P Georgia Manufacturing, GEDIA Georgia LLC.

Supporting companies/rows: F&P Georgia Manufacturing (row_id: 53), GEDIA Georgia LLC (row_id: 62).

Notes: These companies are categorized as Tier 1/2 and have roles in General Automotive with EV-related products or markets.",deepseek-r1:32b,65536,39392.0,386.0,446254735089.0,156858895.0,3120006488.0,442094611526.0
42,How is demand for thermal management solutions reflected in the number and employment size of Georgia Thermal Management suppliers?,"Q: How is demand for thermal management solutions reflected in the number and employment size of Georgia Thermal Management suppliers?

Answer: There are two companies specializing in thermal management solutions. Together, they employ 760 people.

Supporting companies/rows:
- Lear Corporation (row_id: 60) with 590 employees
- ZF Gainesville LLC (row_id: 203) with 170 employees

Notes: The count includes companies explicitly listed under the ""Thermal Management"" EV Supply Chain Role.",deepseek-r1:32b,65536,39389.0,1759.0,2052372795637.0,154689830.0,3121772552.0,2045671710755.0
43,"Which Georgia companies are involved in battery recycling or second-life battery processing, reflecting the emerging circular economy trend?","Q: Which Georgia companies are involved in battery recycling or second-life battery processing, reflecting the emerging circular economy trend?

Answer: DAS Corp., Enchem America Inc.

Supporting companies/rows: DAS Corp. (row_id: 34), Enchem America Inc. (row_id: 49)

Notes: Both companies are marked as EV / Battery Relevant with ""Yes"" and have roles in battery materials and wiring components, indicating involvement in the circular economy through their products or services related to electric vehicles.",deepseek-r1:32b,65536,39390.0,596.0,688874171780.0,134225562.0,3117868629.0,684350095938.0
44,"Which Georgia suppliers appear to play innovation-stage roles through research, development, or prototyping activity?","Q: Which Georgia suppliers appear to play innovation-stage roles through research, development, or prototyping activity?

Answer: The following companies are identified as playing innovation-stage roles:

1. Racemark International LLC
2. TI Fluid Systems (Cartersville)
3. Tie Down Engineering
4. TN Americas Holding Inc.
5. Toyota Industries Group (TACG-TICA)
6. Trenton Pressing
7. Trenton Pressing Inc.
8. Valeo
9. Vanguard National Trailer Corp.
10. Vernay
11. Vista Metals Corp.
12. Voestalpine Automotive Body Parts Inc.
13. Volvo Cars USA
14. Volvo Group North America
15. Wabash National Corp.
16. Wheelabrator Group Inc.
17. WIKA USA
18. Woodbridge Foam Corp.
19. Woory Industrial Co.
20. Yachiyo Manufacturing of America LLC
21. Yamaha Motor Manufacturing Corp.
22. Yazaki North America
23. YKK USA Inc.
24. ZF Gainesville LLC

Supporting companies/rows: Racemark International LLC (row_id 150), TI Fluid Systems (row_ids 180, 181), Tie Down Engineering (row_id 182), TN Americas Holding Inc. (row_id 183), Toyota Industries Group (TACG-TICA) (row_id 184), Trenton Pressing (row_id 185), Trenton Pressing Inc. (row_id 186), Valeo (row_id 187), Vanguard National Trailer Corp. (row_id 188), Vernay (row_id 189), Vista Metals Corp. (row_id 190), Voestalpine Automotive Body Parts Inc. (row_id 191), Volvo Cars USA (row_id 192), Volvo Group North America (row_id 193), Wabash National Corp. (row_id 194), Wheelabrator Group Inc. (row_id 195), WIKA USA (row_id 196), Woodbridge Foam Corp. (row_id 197), Woory Industrial Co. (row_id 198), Yachiyo Manufacturing of America LLC (row_id 199), Yamaha Motor Manufacturing Corp. (row_id 200), Yazaki North America (row_id 201), YKK USA Inc. (row_id 202), ZF Gainesville LLC (row_ids 203, 204, 205).",deepseek-r1:32b,65536,39388.0,796.0,921247087176.0,154164774.0,3112638186.0,916378828855.0
45,"Which Georgia suppliers currently serving traditional OEMs are also linked to EV-native OEMs, showing dual-platform supply capability?","Q: Which Georgia suppliers currently serving traditional OEMs are also linked to EV-native OEMs, showing dual-platform supply capability?

Answer: ACM Georgia LLC, Adient, ADVICS Manufacturing Georgia LLC, Ajin Georgia, ALBAform Inc., Anovion Technologies, Apache Mills Inc., Archer Aviation Inc., Arising Industries Inc., Enchem America Inc., F&P Georgia Manufacturing, GEDIA Georgia LLC, Great Dane LP, Great Dane Trailers, Hwashin, Hyundai MOBIS (Georgia), IMMI, Joon Georgia, Inc., Kia Georgia Inc., Lear Corporation, Lyle Industries Inc., Master Craft Engineering Inc., Novelis Inc., Panasonic Automotive Systems Co., Peerless-Winsmith Inc., Rivian Automotive, Seoyon E-HWA Interior Systems, Sewon America Inc., SK Battery America, Superior Essex Inc., Suzuki Manufacturing of America Corp., TCI Powder Coatings, Thermal Ceramics Inc., Thomson Plastics Inc.

Supporting companies/rows: ACM Georgia LLC (row 1), Adient (row 2), ADVICS Manufacturing Georgia LLC (row 3), Ajin Georgia (row 4), ALBAform Inc. (row 5), Anovion Technologies (row 6), Apache Mills Inc. (row 7), Archer Aviation Inc. (row 8), Arising Industries Inc. (row 9), Enchem America Inc. (row 49), F&P Georgia Manufacturing (row 53), GEDIA Georgia LLC (row 62), Great Dane LP (row 107), Great Dane Trailers (row 108), Hwashin (row 92), Hyundai MOBIS (Georgia) (row 122), IMMI (row 86), Joon Georgia, Inc. (row 123), Kia Georgia Inc. (row 145), Lear Corporation (row 100), Lyle Industries Inc. (row 105), Master Craft Engineering Inc. (row 110), Novelis Inc. (row 127), Panasonic Automotive Systems Co. (row 136), Peerless-Winsmith Inc. (row 139), Rivian Automotive (row 152), Seoyon E-HWA Interior Systems (row 158), Sewon America Inc. (row 160), SK Battery America (row 163), Superior Essex Inc. (row 170), Suzuki Manufacturing of America Corp. (row 171), TCI Powder Coatings (row 172), Thermal Ceramics Inc. (row 174), Thomson Plastics Inc. (row 175).",deepseek-r1:32b,65536,39392.0,891.0,1031968332885.0,141998451.0,3116125437.0,1026950719876.0
46,Identify Georgia areas that currently lack Battery Cell or Battery Pack suppliers but have existing Tier 1 general automotive infrastructure.,"Q: Identify Georgia areas that currently lack Battery Cell or Battery Pack suppliers but have existing Tier 1 general automotive infrastructure.

Answer: Carroll County, Cobb County, and Forsyth County in Georgia have existing Tier 1 general automotive infrastructure but no Battery Cell or Battery Pack suppliers.

Supporting companies/rows: Yachiyo Manufacturing of America LLC (row_id: 199), Lear Corporation (row_id: 100), and others in these counties.",deepseek-r1:32b,65536,39392.0,448.0,517887860528.0,144727235.0,3117464906.0,513645983543.0
47,"For a new Tier 1 battery thermal management company looking to locate in Georgia, which areas have the highest concentration of Materials-category suppliers that could support thermal management production?","Q: For a new Tier 1 battery thermal management company looking to locate in Georgia, which areas have the highest concentration of Materials-category suppliers that could support thermal management production?

Answer: The highest concentrations are in Troup County (LaGrange, West Point), Bartow County (Cartersville), and Henry County (Covington).

Supporting companies/rows:
- ADVICS Manufacturing Georgia LLC (row_id 3)
- Ascend Elements (row_id 11)
- F&P Georgia Manufacturing (row_id 53)
- GEDIA Georgia LLC (row_id 62)
- Hwashin (row_id 92)
- IMMI (row_id 86)
- Joon Georgia Inc. (row_id 92)
- Kyungshin America Corp. (row_id 98)
- Lear Corporation (row_id 100)
- Milliken & Co./Valway Plant (row_id 153)
- Novelis Inc. (rows 127, 128, 129)
- Panasonic Automotive Systems Co. (row_id 136)
- Seoyon E-Hwa Interior Systems (row_id 158)
- Sewon America Inc. (rows 159, 160, 161)
- SK Battery America (row_id 163)
- TI Fluid Systems (row_id 180)
- Thermal Ceramics Inc. (row_id 178)
- Trenton Pressing Inc. (row_id 186)
- Vernay (row_id 187)
- Voestalpine Automotive Body Parts Inc. (row_id 191)
- ZF Gainesville LLC (rows 203, 204, 205)",deepseek-r1:32b,65536,39402.0,1280.0,1487255505320.0,157227828.0,3134308905.0,1481499777042.0
48,"Which Georgia areas have concentrated Manufacturing Plant facilities that already supply the EV chain indirectly but have no dedicated EV production yet, marking them as prime conversion candidates?","Q: Which Georgia areas have concentrated Manufacturing Plant facilities that already supply the EV chain indirectly but have no dedicated EV production yet, marking them as prime conversion candidates?

Answer: Cobb County, Gwinnett County, Hall County.

Supporting companies/rows: Aspen Aerogels (row_id: 52), Haering Precision USA LP (row_id: 70), Haering Precision USA LP (row_id: 71), Hwashin (row_id: 93), Joon Georgia, Inc. (row_id: 122), NIFCO KTW America Corp. (row_id: 133), Peerless-Winsmith Inc. (row_id: 139), TI Fluid Systems (row_id: 180), and others in these counties.

Notes: These areas have multiple manufacturing plants involved in the EV supply chain indirectly but lack dedicated EV production facilities, making them prime candidates for conversion to EV-focused manufacturing.",deepseek-r1:32b,65536,39399.0,522.0,603487551130.0,144691708.0,3136076806.0,599078745770.0
49,"For an international battery materials company seeking a Georgia location, which areas have existing chemical manufacturing infrastructure?","Q: For an international battery materials company seeking a Georgia location, which areas have existing chemical manufacturing infrastructure?

Answer: The areas in Georgia with existing chemical manufacturing infrastructure relevant to battery materials include:

1. **Hawkinsville, Bleckley County** - Home to DAS Corp., which produces lithium-ion battery materials.
2. **Metter, Emanuel County** - Location of Hollingsworth & Vose Co., involved in battery materials production.

Supporting companies/rows: DAS Corp. (row_id 76), Hollingsworth & Vose Co. (row_id 77).",deepseek-r1:32b,65536,39388.0,427.0,493477013938.0,135932238.0,3116514560.0,489289173609.0
50,"Which Georgia areas have R&D facility types in the automotive sector, suggesting innovation infrastructure suitable for EV technology development centers?","Q: Which Georgia areas have R&D facility types in the automotive sector, suggesting innovation infrastructure suitable for EV technology development centers?

Answer: The area of Gray, Jones County, Georgia, is identified as having an R&D facility type relevant to the automotive sector and EV technology.

Supporting companies/rows: Remark International LLC (row_id 150)

Notes: This company specializes in manufacturing and R&D for engine parts related to electric vehicles.",deepseek-r1:32b,65536,39392.0,640.0,739772229215.0,154983597.0,3030496574.0,735239250564.0
